{
    "display": {
      "icon": {
        "id": "minecraft:music_disc_creator"
      },
      "title": "Craft Music Discs                                                                                                 ",
      "description": [
        "",
        {
            "text": "Crafting recipe for every music disc\n",
            "color": "white"
        },
        {
            "text": "\n",
            "color": "yellow"
        },
        {
            "text": "/trigger",
            "color": "yellow"
        },
        {
            "text": " help.craftmusicdiscs\n",
            "color": "yellow"
        },
        {
            "text": "for help.\n",
            "color": "white"
        },
        {
            "text": "\n",
            "color": "green"
        },
        {
            "text": "Datapack version: ",
            "color": "dark_green"
        },
        {
            "text": "v.1.0.0",
            "color": "green"
        },
        {
            "text": "\n",
            "color": "green"
        },
        {
            "text": "Game version: ",
            "color": "dark_green"
        },
        {
            "text": "1.21.4",
            "color": "green"
        },
        {
            "text": "\n",
            "color": "green"
        },
        {
            "text": "\n",
            "color": "green"
        },
        {
            "text": "modrinth.com/datapack/craft-music-discs",
            "color": "dark_purple"
        }
    ],
      "frame": "task",
      "show_toast": false,
      "announce_to_chat": false
  },
  "parent": "jodek:crafting",
  "criteria": {
      "tick": {
          "trigger": "minecraft:tick"
      }
  }
}
