{
  "attributes": {
    "minecraft:visual/sky_color": "#7ba4ff"
  },
  "carvers": [],
  "downfall": 0.5,
  "effects": {
    "water_color": "#3f76e4"
  },
  "features": [
    [],
    [],
    [],
    [],
    [],
    [],
    [],
    [],
    [],
    [],
    [
      "minecraft:void_start_platform"
    ]
  ],
  "has_precipitation": false,
  "spawn_costs": {},
  "spawners": {
    "ambient": [],
    "axolotls": [],
    "creature": [],
    "misc": [],
    "monster": [],
    "underground_water_creature": [],
    "water_ambient": [],
    "water_creature": []
  },
  "temperature": 0.5
}