{
  "attributes": {
    "minecraft:audio/ambient_sounds": {
      "additions": {
        "sound": "minecraft:ambient.soul_sand_valley.additions",
        "tick_chance": 0.0111
      },
      "loop": "minecraft:ambient.soul_sand_valley.loop",
      "mood": {
        "block_search_extent": 8,
        "offset": 2.0,
        "sound": "minecraft:ambient.soul_sand_valley.mood",
        "tick_delay": 6000
      }
    },
    "minecraft:audio/background_music": {
      "default": {
        "max_delay": 24000,
        "min_delay": 12000,
        "sound": "minecraft:music.nether.soul_sand_valley"
      }
    },
    "minecraft:visual/ambient_particles": [
      {
        "particle": {
          "type": "minecraft:ash"
        },
        "probability": 0.00625
      }
    ],
    "minecraft:visual/fog_color": "#1b4745"
  },
  "carvers": "minecraft:nether_cave",
  "downfall": 0.0,
  "effects": {
    "water_color": "#3f76e4"
  },
  "features": [
    [],
    [],
    [
      "minecraft:basalt_pillar"
    ],
    [],
    [],
    [],
    [],
    [
      "minecraft:spring_open",
      "minecraft:patch_fire",
      "minecraft:patch_soul_fire",
      "minecraft:glowstone_extra",
      "minecraft:glowstone",
      "minecraft:patch_crimson_roots",
      "minecraft:ore_magma",
      "minecraft:spring_closed",
      "minecraft:ore_soul_sand",
      "minecraft:ore_gravel_nether",
      "minecraft:ore_blackstone",
      "minecraft:ore_gold_nether",
      "minecraft:ore_quartz_nether",
      "minecraft:ore_ancient_debris_large",
      "minecraft:ore_debris_small"
    ],
    [],
    [
      "minecraft:spring_lava"
    ]
  ],
  "has_precipitation": false,
  "spawn_costs": {
    "minecraft:enderman": {
      "charge": 0.7,
      "energy_budget": 0.15
    },
    "minecraft:ghast": {
      "charge": 0.7,
      "energy_budget": 0.15
    },
    "minecraft:skeleton": {
      "charge": 0.7,
      "energy_budget": 0.15
    },
    "minecraft:strider": {
      "charge": 0.7,
      "energy_budget": 0.15
    }
  },
  "spawners": {
    "ambient": [],
    "axolotls": [],
    "creature": [
      {
        "type": "minecraft:strider",
        "maxCount": 2,
        "minCount": 1,
        "weight": 60
      }
    ],
    "misc": [],
    "monster": [
      {
        "type": "minecraft:ghast",
        "maxCount": 4,
        "minCount": 4,
        "weight": 50
      },
      {
        "type": "minecraft:enderman",
        "maxCount": 4,
        "minCount": 4,
        "weight": 1
      }
    ],
    "underground_water_creature": [],
    "water_ambient": [],
    "water_creature": []
  },
  "temperature": 2.0
}